X,Y,Name,descri____o,Localiza____o,Bairro,gx_media_links,es,o,o Velho,o urbano preferido da aristocracia maceioense
-35.7514829,-9.6266369,Complexo Educacional Nossa Senhora do Bom Conselho,"O lindo complexo arquitetônico compõe a paisagem de um dos bairros mais tradicionais da cidade. O Bebedouro surgiu e se desenvolveu ainda no século XIX, graças à presença de um riacho onde cavaleiros podiam parar e dar de beber aos animais quando seguiam a estrada em direção ao norte do Estado, bem como à existência de um pequeno porto, onde atracavam as embarcações que chegavam da antiga Capital, Vila Santa Madalena da Lagoa do Sul (atual marechal Deodoro).

Nessa época em que o bairro foi habitado por famílias abastadas, o grande casarão, originalmente neoclássico e posteriormente “modernizado” para o estilo eclético, foi construído para abrigar o “Asylo das Órphans Desvalidas de Nossa Senhora do Bom Conselho” em 1877, com projeto do engenheiro agrimensor Manoel Candido Rocha de Andrade, a partir de verbas liberadas pelo Imperador Dom Pedro II. O objetivo era alfabetizar e ensinar prendas domésticas às meninas órfãs de famílias cujos pais haviam morrido na Guerra do Paraguai ou devido à seca que castigou a região naquele ano.

Em 1938, o antigo orfanato foi transformado na “Escola Normal Rural N. Sra. no Bom Conselho”, abrigando meninas do interior em regime de internato, abrindo-se depois para a comunidade em geral em regime misto como colégio. Na década de 1990 foi incorporado à rede estadual, passando a se chamar “Escola Estadual Bom Conselho”. Desde 2019, o prédio foi desocupado devido às rachaduras em sua estrutura física em decorrência da extração de salgema na laguna Mundaú. Está situado na Zona Especial de Preservação 3 do Plano Diretor Municipal (Lei nº 5.486/2005) e é tombado desde 1999, (Decreto Estadual nº 38.081). Portanto, este patrimônio cultural de Alagoas deve ser protegido em nível municipal e estadual.",3670 Av. Maj. Cícero de Góes Monteiro,Bebedouro,https://doc-0g-5g-mymaps.googleusercontent.com/untrusted/hostedimage/tjp71pbl755n1d9knaupn39qao/5tqt5o2bfba4tifiiu3plv3lgs/1695844800000/stHnn6HRzzeVHjoQr3mM68iQwjS3Ov7_/*/6AJ9UNGq4r16pLYjgv340mw_6Kb5Vo8ap8G7U544FTl4WSSw9YRpK0maj-escKFot0y2Hf8woGyGyYCPnlIrUqPD7seOFo6Jp2bcDsKWL48Ag8xAt3xNi2cbzPbRJmLJkmoRA9OrYl7e-6m5UuwEPq7RHC5A43O_sQQbebUkjlwLbk0SMH2YdDkizwuAqfikEe1FE7MV2?session=0&fife,,3670 Av. Maj. Cícero de Góes Monteiro,,
-35.749862,-9.6281264,Casario na R. Passos de Miranda,"Conjunto de imóveis térreos residenciais com características coloniais (estilo ""porta-janela"") e que tiveram o beiral cortado para receber a platibanda ornamentada em estilo Art Déco. Apresentam uma mesma arquitetura com porta, janela e pequeno beiral marcando o acesso principal, provavelmente inserido após a platibanda. Esquadrias em madeira e vidro, algumas descaracterizadas.  ","Rua Doutor Passos de Miranda, nº 90, 92, 94 e S/N ",Bebedouro,https://doc-0g-5g-mymaps.googleusercontent.com/untrusted/hostedimage/tjp71pbl755n1d9knaupn39qao/u34flnbfn8tjeqool1tjgpd64k/1695844800000/stHnn6HRzzeVHjoQr3mM68iQwjS3Ov7_/*/6AJ9UNGqRIzPt9vj134TkmnYZ8JP_fCtR4DLZ6GlWCHxwjugN0Ml0m4e7zckbpbuuZNmNZLCouvqYwpWOMElZWFSXxjb4EuXcQtI-ucjLo2uwgNEI91CNvAu5TiCW5kOgnoL-e8YrBw4owuHu9qEuOFf-lunrGfMqrIbl0Eq6VzNUtImqMCWoqGAPR6E1p3vPQNUmcPE?session=0&fife,,"Rua Doutor Passos de Miranda, nº 90, 92, 94 e S/N",,
-35.7503287,-9.6274098,Exemplar de casa com platibanda ,Imóvel térreo implantado em lote de esquina. Aberturas retas provavelmente descaracterizadas com esquadrias em madeira. Apresenta platibanda reta com adornos em relevo. Presença de elementos espúrios a construção como cobogós.,"Rua da Liberdade esquina Rua Vereador. Bruno Ferrari, nº 82 ",Bebedouro,https://doc-0c-5g-mymaps.googleusercontent.com/untrusted/hostedimage/tjp71pbl755n1d9knaupn39qao/ll9jq8djcvcqolrkpe0d4o01bs/1695844800000/stHnn6HRzzeVHjoQr3mM68iQwjS3Ov7_/*/6AJ9UNGrH661zr8Er4uXbK3ZZh21Yofze4_AH_C1UMJpQLLQLgLCxPLi8igrQwERs4oQV-dJnFYXPI-dphsEkDa1_-a2fU3-QEHF-F1fuoNkta49ylmnW8Odr_4M2GABkZh4TAhDIdaAzR12joeldXJYffPk2gY3uNw3NzL49UiRFhRY2_s71GfXEkfzq5k2gTZOdxSs?session=0&fife,,"Rua da Liberdade esquina Rua Vereador. Bruno Ferrari, nº 82",,
-35.750407,-9.6271804,Matriz de Santo Antônio de Pádua ,"A primeira Capela de Santo Antônio de Pádua, situada no bairro de Bebedouro, foi edificada por volta de 1816 por Antônio Maria de Aguiar, um português que constituiu família numerosa em Maceió e foi eleito procurador da Câmara.

Embora muito simples, a construção nomeou a área central do atual bairro, que não passava de um grande “Sítio da Capelinha do Bebedouro”, que foi comprado pelo comendador e rico industrial Jacintho Nunes Leite na segunda metade do século XIX e construiu sua casa ao lado, o “Solar Nunes Leite”.

Foi ele quem construiu ainda uma nova igreja, inaugurada em 1873, um pouco à frente da capelinha (posteriormente demolida) e a embelezou com revestimento de azulejos trazidos de Portugal, imagem do santo, alfaias, vasos sagrados e lamparina de prata importados, e um sino produzido pela Fundição Alagoana, de sua propriedade.

O comendador também foi responsável pela construção do coreto que ornamenta a praça que existe em frente à igreja, local bastante movimentado e palco de grandes festividades nas primeiras décadas do século XX.

A festa natalina, comandada pelo Major Bonifácio Magalhães da Silveira, era a mais esperada do Bebedouro, reunindo os moradores locais e atraindo pessoas da cidade e até da região.

Em 1913, a Igreja de Santo Antônio foi escolhida para ser Matriz na nova paróquia de Bebedouro e no início da década de 1960 sofreu algumas mudanças físicas, época em que a torre sineira externa deve ter sido acrescentada.

A igreja e seu entorno então incluídos na Zona Especial de Preservação (ZEP 3 – Bebedouro) no Plano Diretor de 2005 e classificada como SPR-01, que significa “Setor de Preservação Rigorosa”. Os órgãos da Prefeitura Municipal ligados à cultura e à memória da cidade devem fiscalizar e cuidar para que sua integridade seja mantida.",Praça Coronel Lucena Maranhão,Bebedouro,https://doc-0k-5g-mymaps.googleusercontent.com/untrusted/hostedimage/tjp71pbl755n1d9knaupn39qao/4l7aecfo2prdb3euap910mjk7k/1695844800000/stHnn6HRzzeVHjoQr3mM68iQwjS3Ov7_/*/6AJ9UNGpzE_SqBdf1OM2f-zgyWs-C9Lj9OpEcZDrO3zrzAO2Y2g9mOn_72UyLnR-1zJUrdvDPlyGNSs0ytNnAbWVxF38du5gASMgjrFRhBXi6Z2IFePUTKCLq3HHu6MXbbPocKt9g5htkZc-1AO4CG3Qmmcy62f_RsQfORSvAmWcKr0DA9ClunvHNwzIQ0YTziZLnpHU4?session=0&fife,,Praça Coronel Lucena Maranhão,,
-35.7506279,-9.6269894,Solar Nunes Leite,"A história de Bebedouro está associada ao espírito empreendedor do empresário Jacintho José Nunes Leite. De descendência portuguesa, chegou a Maceió quando o bairro ainda era um arrabalde.

Abolicionista e empreendedor, comandou a fábrica de tecidos em Fernão Velho, a companhia de bondes de Maceió e a Fundição Alagoana, no bairro do Jaraguá. Por volta de 1880, foi responsável pelo beneficiamento do Bebedouro, colaborando para seu crescimento e prosperidade, transformando o bairro no espaço urbano preferido da aristocracia maceioense: construiu o novo cemitério, a estrada de rodagem ligando a outras localidades da capital e providenciou o abastecimento de água da região de forma pioneira. Na mesma época, ergueu sua residência ao lado da Igreja Matriz de Santo Antônio de Pádua, cuja reconstrução havia sido financiada também por ele.

O Solar Nunes Leite é a edificação mais antiga da cidade e mantêm-se ainda hoje com as características de sua construção, preservada por iniciativa e recursos da própria família. Organizada em um único pavimento térreo circundada por alpendre – ou varanda – com telhado em quatro águas sustentado por colunas, sua tipologia remete às casas-grandes de alguns engenhos e edificações rurais brasileiras. À sombra de cajueiros e mangueiras floridas, a casa guarda em sua espacialidade aspectos que narram a história de Maceió e do desenvolvimento urbano do bairro, costumes e tradições que mantém o patrimônio cultural material e imaterial do Bebedouro.

Por isso, está incluída na Zona Especial de Preservação (ZEP 3 – Bebedouro) no Plano Diretor de 2005, que é classificada como SPR-01, que significa “Setor de Preservação Rigorosa” e de inteira responsabilidade dos órgãos da Prefeitura Municipal ligados à cultura e à memória da cidade fiscalizarem se sua integridade está sendo mantida.",Praça Coronel Lucena Maranhão 64,Bebedouro,https://doc-00-5g-mymaps.googleusercontent.com/untrusted/hostedimage/tjp71pbl755n1d9knaupn39qao/2bu089jvqpbf3chbh4t0vbpq18/1695844800000/stHnn6HRzzeVHjoQr3mM68iQwjS3Ov7_/*/6AJ9UNGpWmcvFquuUV-6IBJ_l8vn6AmGOBkYuPJTn3sxKX1gm0CED-wNjhAsUYbm9q7wmKzc03KDkk_WgyWMYdphuYi-PeYEJRLz9KBGqcQi1YbJ7RBwS5WRiA8FFy1yNg3tPPPEcHF0YEym71YXPqkxJC73Lu36d2kY9eEg-ke-Z-pnBWWnXEY9g-dzZ3TAqtllpIn7j?session=0&fife,,Praça Coronel Lucena Maranhão 64,,"construiu o novo cemitério, a estrada de rodagem ligando a outras localidades da capital e providenciou o abastecimento de água da região de forma pioneira. Na mesma época, ergueu sua residência ao lado da Igreja Matriz de Santo Antônio de Pádua, cuja rec"
-35.7504162,-9.6275451,Casa do Vereador Nicanor Fidelis de Moura,,"R. Dr. Antônio Nunes Leite, 62",Bebedouro,https://doc-0g-5g-mymaps.googleusercontent.com/untrusted/hostedimage/tjp71pbl755n1d9knaupn39qao/5tetp0p12udmtu84tlmu0qiedo/1695844800000/stHnn6HRzzeVHjoQr3mM68iQwjS3Ov7_/*/6AJ9UNGpY9p-7S5Fme1RCGs7TZWFJqFPP3dGgYNwpDJlBrS2PgR42-_AAxnggp00s6lem6D1z-7xha_DLJVrKp1U9szVjDqrjGR2C9OnSeqZ7Ke-o1AFhi8ptPEeLMSSNC545gSx8Jv3IroEJbD2rR-fWC6l7o3P8-_o_uZpnh-VKXsHY83nnuCDJaG9Jc7KB0dUkMQw?session=0&fife,,"R. Dr. Antônio Nunes Leite, 62",,
-35.7504797,-9.6275714,Casa na Praça Lucena Maranhão,"Residência provavelmente colonial em sua origem, demonstrada pelas esquadrias e pela implantação, sem recuos laterais e frontal, e que teve o beiral cortado e acrescentada a platibanda provavelmente no final do século 19 ou início do século 20, seguindo a legislação da época, que proibia telhados com beiral para a rua, a fim de impedir que a água de chuvas caíssem nas calçadas.   ","R. Dr. Antônio Nunes Leite, 50",Bebedouro,https://doc-00-5g-mymaps.googleusercontent.com/untrusted/hostedimage/tjp71pbl755n1d9knaupn39qao/uh0adnm0hd595cns6pffaolnog/1695844800000/stHnn6HRzzeVHjoQr3mM68iQwjS3Ov7_/*/6AJ9UNGrjxTs4-amjVV_1MUog8GEnJ4e2PrRI1V61hr_KRfT66jmcePk0BIIZ6OtEprLogfZJIRyceW5xmcDMGdqBTPz7MuNGcI77gH04-cfPyHq4rNdcfp5_IgY9X4TuR1eFODiGlvClAo4ng4qRDKt4wZKD1gnP-Z1ROtSVhO4Ti-PrE0TH68cIQwBY1RKOG2EhDR4?session=0&fife,,"R. Dr. Antônio Nunes Leite, 50",,
-35.749498,-9.6325167,"Antiga Vila Lilota, posterior Casa de Saúde Dr. José Lopes de Mendonça (UEP 56)","O palacete residencial localizado no bairro do Bebedouro foi construído pelo Coronel Francisco de Amorim Leão em 1914, quando era presidente do Banco do Estado de Alagoas.

Ele era filho do Comendador Manoel Joaquim da Silva Leão, empresário que deixara vários negócios e engenhos de herança para os filhos após sua morte em 1883. Este palacete, que era conhecido como “Vila Lilota” figura entre as mais imponentes construções da época, quando o histórico e festeiro bairro do Bebedouro concentrava as mais importantes personalidades da capital de Alagoas.

Implantado em terreno abaixo do nível do leito carroçável, o palacete em estilo eclético com ascendência mourisca possui recuos ocupados por jardins, solução que foi introduzida nos lotes urbanos no início do século XX visando mais ventilação e iluminação e organiza-se em quatro pavimentos, sendo que o térreo é ligado à varanda do primeiro pavimento por meio de uma marcante escadaria externa curva, com balaustrada vazada.

Internamente, pinturas murais revelam preciosos e raros exemplares ainda íntegros estilo Art Nouveau, também aplicados em detalhes na edificação como nos ornados florais da fachada, maçanetas e mobiliário.

Após permanecer fechado entre 1956 e 1962, a edificação foi adquirida pelo médico José Lopes de Mendonça para instalação de uma clínica de repouso e psiquiatria que levava seu nome e funcionou até o final de 2017.

A antiga Vila Lilota também é uma Unidade Especial de Preservação (UEP) incluída no Plano Diretor de Maceió (Lei nº 5.486/2005) e no ano de 2020, todos os anexos ao volume principal foram demolidos.","Av. Major Cícero de Góes Monteiro, n. 3219",Bebedouro,https://doc-0c-5g-mymaps.googleusercontent.com/untrusted/hostedimage/tjp71pbl755n1d9knaupn39qao/p3lvpguvgmif2hc3r61f3clvd8/1695844800000/stHnn6HRzzeVHjoQr3mM68iQwjS3Ov7_/*/6AJ9UNGpen86fRsCpNLJo6BUD67Npaj3GvRR3B5IbftCcSaNQk_p4gqN3y4kkRdhbSZnNa2cAI95OJ2wChX1ZZh34CUqej6JUA1bHl0vNBfHg5ALKTDoNLeK7cNFgYMdFOxKAcfh0xk6N6u01z5HFtZzGst7EPwjg7DKPZOqZzma-TZJCwaxMYF6cjkR9ShjgYp3WFwIF?session=0&fife,,"Av. Major Cícero de Góes Monteiro, n. 3219",,
-35.7510834,-9.6279608,"Antiga residência da Família Nunes Leite, posterior Escola Vereador Braga Neto","Sobrado Eclético localizado em frente à Praça Coronel Lucena Maranhão e ao lado do Complexo Bom Conselho, composto de casa de dois andares com recuos, tipo de implantação já típica do início do século 20. ",V. Major Cícero de Góes Monteiro 3747,Bebedouro,https://doc-14-5g-mymaps.googleusercontent.com/untrusted/hostedimage/tjp71pbl755n1d9knaupn39qao/id9fq58h97h048ubpj3jolcks8/1695844800000/stHnn6HRzzeVHjoQr3mM68iQwjS3Ov7_/*/6AJ9UNGrCWoTswsqP6jMW5nqRl2LPFb5DB8846ffktZF2mSYQQFl1GzUvsnMTsseTyWjoPyPx87FBJE5X4RxsoR1oyMZ_patPTOx41MVm4nR8WEK_6ZUqMIyJU9xBVVNB-xhnjySskdS7hxfk_wDS8D1VDDStEPLZqB19fT7I0_6pq7q5jtOynJfWYJohgVxiKgJnE6Va?session=0&fife,,V. Major Cícero de Góes Monteiro 3747,,
-35.7522257,-9.6246589,Comércio com platibanda,"Edificação térrea implantado em lote de esquina no encontro da Ladeira Prof. Benedito Silva e Rua Marques de Abrantes. Aberturas retas emolduradas esquadrias em ferro. Aberturas e esquadrias não são originais. Cimalha saliente, platibanda reta com ornatos em alto relevo e em alguns pontos falsas colunatas sacam da platibanda.","Ladeira Prof. Benedito Silva esquina com Rua Marques de Abrantes, nº 104 ",Bebedouro,https://doc-0g-5g-mymaps.googleusercontent.com/untrusted/hostedimage/tjp71pbl755n1d9knaupn39qao/s08ta3k3csr4imdh70bm93ukds/1695844800000/stHnn6HRzzeVHjoQr3mM68iQwjS3Ov7_/*/6AJ9UNGrsGoMPGR9m3bOyn0kWVCTa1lc_Q_g9WLmfWKfGndSz4Z81G0jMr6N0zwXFOphGsmKTaXzb_kznVpHVjOp40Enq1JXEPa_pDsajyc7tH7XVk8I-n8IFvEPmpizx3730b7ttwdnvuHpiXj3mWVVqhfGTaj3NNg7cihn9VDaiVlOw32zzerwErNv8VestMY_aPg0?session=0&fife,,"Ladeira Prof. Benedito Silva esquina com Rua Marques de Abrantes, nº 104",,
-35.7504526,-9.6288987,Casas Gêmeas,"As “Casas Gêmeas” são assim chamadas porque foram construídas pelo Coronel Ezequiel Pereira como presente de casamento para suas duas filhas gêmeas, que contraíram núpcias no mesmo dia. Geminadas, ou seja, encostadas uma à outra por uma das paredes laterais, deveriam ser idênticas e situar-se em frente à casa dos pais, para que a família permanecesse unida. Exportador de açúcar e fundador da Usina Cachoeira do Meirim, o coronel ofereceu uma festa de casamento grandiosa na Capela do Colégio Nossa Senhora do Bom Conselho, edificação vizinha ao palacete onde residiam (posteriormente transformado em Casa de Saúde Miguel Couto). Porém, logo após as bodas, acometido por um acidente vascular cerebral, o marido de uma das irmãs faleceu. O luto impediu que as casas fossem ocupadas pelas irmãs, que retornaram para a residência dos pais.

As casas geminadas constituem lindos exemplares de bangalôs em estilo neocolonial, muito frequentes nas casas de Maceió das décadas de 1920 a 1950.

Os bangalôs eram casas simples, de um só pavimento e varanda, construídas pelos trabalhadores da região de Bengala, no sul da Ásia, abrangendo parte da Índia e Bangladesh. Quando a Índia era colônia britânica, o estilo era admirado pelos embaixadores ingleses que passaram a construir os bungalows nos primeiros bairros-jardins afastados da agitação das grandes cidades. O conceito foi levado para os Estados Unidos e, nas primeiras décadas do século XX, a moda também chegou ao Brasil, ganhando adeptos entre as classes mais abastadas que se inspiravam tanto na arquitetura colonial brasileira quanto em lugares distantes, marcando a paisagem da época com edificações exóticas como os bangalôs.

Assim como as demais edificações históricas do bairro do Bebedouro, as Casas Gêmeas também estão ameaçadas de desaparecimento. Atualmente, as folhas de portas e janelas internas e externas das edificações já foram removidas, restando uma profunda sensação de abandono e descaso.
",3610 Av. Maj. Cícero de Góes Monteiro,Bebedouro,https://doc-0k-5g-mymaps.googleusercontent.com/untrusted/hostedimage/tjp71pbl755n1d9knaupn39qao/43ldruuqjldnltv6prucvci6vc/1695844800000/stHnn6HRzzeVHjoQr3mM68iQwjS3Ov7_/*/6AJ9UNGqPzeCJftZvbvcMHxYe6rDy_l8IXz1pGmfUZnZfT6nO9cXt1RTcaChQb8FC8Khfzmn9V5uaiHCsjVPE3N0fp6if-y2BFrIDcAykkHaiS7x8qpjiLJrFxfWqdi92pcZUI1noXoQM3A_CSFxetTUoNb2Quyb2-M3EyDBUYMT5udIqMJvdclBZSfHYwk6SAsKY_g49?session=0&fife,,3610 Av. Maj. Cícero de Góes Monteiro,,
-35.7506996,-9.6289891,Casa de Saúde Miguel Couto,"Situada no bairro do Bebedouro, a edificação que abrigou até recentemente a Casa de Saúde Miguel Couto foi construída em 1917 em estilo eclético para ser a residência da família de João Tavares da Costa, agente da Nova Companhia Lóide Brasileiro, negociante e vice-cônsul real e imperial da Áustria-Hungria em Alagoas, pai do renomado compositor Heckel Tavares.

Em uma entrevista, o músico contou que sua casa era imensa, possuía quatorze quartos e oito banheiros, além de um teatro construído pelo seu pai, onde toda a família representava, além de uma capela com um órgão. A mesma edificação foi posteriormente a residência da família do Coroel Ezequiel Pereira, que mandou construir duas casas idênticas em frente à sua, para servir de moradia às suas filhas gêmeas após o casamento.

Assim como outras edificações históricas da mesma época em que paisagem lagunar ainda não era valorizada, dá as costas para a Laguna Mundaú. Em 1946, o prédio sofreu reformas para se adaptar ao novo uso, que seria para abrigar a Casa de Saúde Santa Cândida. Após ser novamente vendido, passou a receber pacientes psiquiátricos com a denominação atual, em homenagem ao médico carioca Miguel de Oliveira Couto.

Da edificação eclética original nada restou, exceto a implantação com jardim frontal que se limita à rua por gradil vazado, comum às vilas e palacetes do início do século XX. Apresentando um jogo volumétrico remissivo a estética neocolonial, que era moda na época em que sofreu a reforma, a edificação apresenta partes e elementos residuais de outros repertórios estilísticos e tentativas modernizantes, como as seteiras verticais, indicando que sofreu ampliações e reformas em momentos temporais distintos.

A Casa de Saúde Miguel Couto está fechada e a partir dela, toda a Av. Major Cícero de Góes Monteiro (principal via de acesso no sentido norte da cidade) também está interditada até seu encontro com a linha do VLT, devido ao risco de afundamento.",3621 Av. Maj. Cícero de Góes Monteiro,Bebedouro,https://doc-0c-5g-mymaps.googleusercontent.com/untrusted/hostedimage/tjp71pbl755n1d9knaupn39qao/s38nmnips9v1f03b1v1c3g0b64/1695844800000/stHnn6HRzzeVHjoQr3mM68iQwjS3Ov7_/*/6AJ9UNGp5zks5QaG-sJGy2MKEkBupU3D-sjrmz2HID1YQTqHRNCkMyQZSDc_z4RLL7w9afDcIYXuPhRIdw0RPydT32hOmvdmAeQ-BlnI7inr1cFWMhprRDokuidDr5RNUquSMrrPyOh25bo1IDO-mLYEmOBEYzS8c8re01UAvHHu3WKyB6fUV4EErZZ9jkSkIy0x1f4Pf?session=0&fife,,3621 Av. Maj. Cícero de Góes Monteiro,,
-35.7500817,-9.6282488,Casa com platibanda eclética e esquadrias coloniais,"Residência provavelmente colonial em sua origem, demonstrada pelas esquadrias e pela implantação, sem recuos laterais e frontal, e que teve o beiral cortado e acrescentada a platibanda provavelmente no final do século 19 ou início do século 20, seguindo a legislação da época, que proibia telhados com beiral para a rua, a fim de impedir que a água de chuvas caíssem nas calçadas.   ",62 R. Dr. Passos de Miranda,Bebedouro,https://doc-0c-5g-mymaps.googleusercontent.com/untrusted/hostedimage/tjp71pbl755n1d9knaupn39qao/aicfphfv4an7jggt4fl4f0sbi8/1695844800000/stHnn6HRzzeVHjoQr3mM68iQwjS3Ov7_/*/6AJ9UNGqNX9timG6Sm80Ts8gMtPjK2DpE2zP183YhkVttMXnF3VXQCzbg3K0cBqmzsxWO6F_p_NjoyGVCXbWZ59IyF-wMLMxJw2a_QCOZb8dINWaOuG_pxXj631RK8_jAJmmEvlnnyF2iLjDV1koEWFX1wmNthZpjGWFx92sr10y-hENHGvZzP_3qqmE186RMq32wsoNA?session=0&fife,,62 R. Dr. Passos de Miranda,,
-35.7535637,-9.6246945,Estação Bebedouro,"Segundo o site ""Estações Ferroviárias do Brasil"", a estação de Bebedouro foi inaugurada em 1884. Isto oficialmente, porque, em 1872, já estava pronta a linha entre a estação de Jaraguá, no porto de Maceió, e a povoação de Bebedouro, tocada pela E. F. Central de Alagoas já com trens de passageiros e cargueiros e também dela se utilizando para bondes a tração animal.

Em Bebedouro a linha ficou parada por anos, tendo sido prolongada somente depois de 1880, quando os ingleses da The Alagoas Ry. Co. Ltd. obtiveram a concessão da ferrovia.

Em 1884, o trecho Maceió-Imperatriz foi finalmente inaugurado e nele, a estação de Bebedouro, próxima da Laguna Mundaú. 

Hoje é uma das estações do trem metropolitano da CBTU. ",81 R. Tobias Barreto,Bebedouro,https://doc-0o-5g-mymaps.googleusercontent.com/untrusted/hostedimage/tjp71pbl755n1d9knaupn39qao/k09utgrif82rc3526kogh0n87s/1695844800000/stHnn6HRzzeVHjoQr3mM68iQwjS3Ov7_/*/6AJ9UNGpYKg0j9axDezhTu-2KDcu4xq7dGHao_0wvbr8U7e5xilCzAujQ7MkzBoUo1XR-8bWptm-ghzMwQPmL1xsl4zpXTShDgZyitJ_ZpmfeOhqTJ_A8WequKbbqq_WTpbxK26B0k9qVC6ihlPTZBkYeDS7zdJ_Ex96To_ygo33Rla0rHGD7a_KYr7GDrLMbGVRiHlqa?session=0&fife,,81 R. Tobias Barreto,,
-35.7465059,-9.6272002,Cemitério Público Santo Antônio,,"Tv. Belo Alves, 207-179",Bebedouro,https://doc-0k-5g-mymaps.googleusercontent.com/untrusted/hostedimage/tjp71pbl755n1d9knaupn39qao/0h75l6l1br0v58napmfqum7ovc/1695844800000/stHnn6HRzzeVHjoQr3mM68iQwjS3Ov7_/*/6AJ9UNGpHR2FsZwSJQrYW9-GRVl5Iw760S6iFvoy8xef6bG_QQcAOnXopx0rDJ3Hyziwt1OGFxLpLTihMAynbf0Tf4eSZ5brsiFYEwBry8Cu4H2iAI_1-AhjS-Ago9O9Nz5-Z2BLmfWuLhaAWHggZujds44i7nOd8vR3nMQ-SHMAwqg_SglEWyQx-Hol4e-IIpjiixkZg?session=0&fife,,"Tv. Belo Alves, 207-179",,
-35.7522138,-9.6243779,Colégio Santa Amélia,,2 R. Marquês de Abrantes,Chã de bebedouro,https://doc-0c-5g-mymaps.googleusercontent.com/untrusted/hostedimage/tjp71pbl755n1d9knaupn39qao/djbnj8jps7vn6vef6bchf24ujc/1695844800000/stHnn6HRzzeVHjoQr3mM68iQwjS3Ov7_/*/6AJ9UNGoGCw8CG3DqsYkz2FEXKrnaot5q_lLgffL3HFWidiQswHeml49Oc8u4PhQUB97nJtO08lm075Rme-FNzEbKSAPMHgPgFxzXayCjeah1eziYeREj3arbIaYK8wlSY_K9wZHKTKZZmweUtB29nXQ1cvBks-bn2XQvo0rW23t3UAKR5wHok1tV7V6jm3s7N2jOGQ0?session=0&fife,,2 R. Marquês de Abrantes,,
-35.7524137,-9.624471,Casa Colonial,,151 Ladeira Prof. Benedito Silva,Chã de bebedouro,https://doc-0c-5g-mymaps.googleusercontent.com/untrusted/hostedimage/tjp71pbl755n1d9knaupn39qao/r8qmjqsqicuu5tn8cgmf1itn9o/1695844800000/stHnn6HRzzeVHjoQr3mM68iQwjS3Ov7_/*/6AJ9UNGreZFeIK20Fk_AgwEutWP6drNAPzk0wfos-sgNxuj8zWpYrRcNZNYnFducLkDl3G2kY0gwctVpVzQ_TlpyKxuDKsxhjen-6cxgur9NHVxoPRqhBeD8oHUQLPTx3AT1ANcnhbIpqvhVW_FpHCrN6yzovfMuqE7760tT_t609HL9VLQvYegvjbneqCK3Lfypwlkkk?session=0&fife,,151 Ladeira Prof. Benedito Silva,,
-35.7525709,-9.6237403,Casa onde nasceu Nise da Silveira,Sobrado colonial onde é atribuída a moradia da médica psiquiatra Nise da Silveira. ,218 Ladeira Prof. Benedito Silva,"Chã de bebedouro

",https://doc-0k-5g-mymaps.googleusercontent.com/untrusted/hostedimage/tjp71pbl755n1d9knaupn39qao/0kd1asnj8kpou5irmje80tqejk/1695844800000/stHnn6HRzzeVHjoQr3mM68iQwjS3Ov7_/*/6AJ9UNGoIrwVMP6GxClPStku5vB3iNx8imF1oSGyRvP3p_BdZce546pgoRw1VdywyN4NZYpk9l19bpwez3LmIoorgY-IweSEM6-YHnBGs29AuMfIfvNUeqg6M4ErgOxx6q7I9P2b5UVu0Iwwpvdv5x3VAThwx6q3OvJGA9g6GTOuA-6LhjA8e0rQyBAxmj6AHxj3fDbpv?session=0&fife,,218 Ladeira Prof. Benedito Silva,,
-35.7526521,-9.624021,Antigo Instituto Prof. Francisco Sales,Casa colonial térrea,esquina da Ladeira Prof. Benedito Silva com 18 R. Faustino Silveira,Chã de bebedouro,https://doc-0k-5g-mymaps.googleusercontent.com/untrusted/hostedimage/tjp71pbl755n1d9knaupn39qao/75rbatdj4qlej4dfb5t4275q40/1695844800000/stHnn6HRzzeVHjoQr3mM68iQwjS3Ov7_/*/6AJ9UNGpuI6raSoPRbpS0WcGUn2dnvw1PAPfPbcHfF43D7CNtJaaRl8NdxinL1VcMfwBSCn4BzM8M5CDv3uC99wL2mdFzOa-rRdZaSAjfqkT717mnICsDfcWFSePugxNqVNkyETNDWmPmfDee66Es1yBJ7vIxSpo28107-S-kjFCwgoG0jyiX865L1s1pfyrjwFa-eIYa?session=0&fife,,esquina da Ladeira Prof. Benedito Silva com 18 R. Faustino Silveira,,
-35.7510279,-9.6277497,Casa com fachada neocolonial,"Construção de relevante interesse arquitetônico, com características do estilo neoclássico, com planta retangular e coberta em duas águas. Platibanda reta simples, colunas retorcidas marcam a varanda que é sacada, entrada principal recuada da rua, acesso lateral. Aberturas retas e esquadrias em madeira, vidro e ferro. Presença de elementos espúrios à
construção.
","Av. Maj. Cícero de Góes Monteiro, 3773 ",Bebedouro,https://doc-0g-5g-mymaps.googleusercontent.com/untrusted/hostedimage/tjp71pbl755n1d9knaupn39qao/qselpeh07da2m2ckfjupfbhde8/1695844800000/stHnn6HRzzeVHjoQr3mM68iQwjS3Ov7_/*/6AJ9UNGqM1Zfi81-NbWqW59QYEc2w3_OpJQ4aZR3dcrAem7Bbzsrys4T_DA2pcqX_35CCZs-cBtydf5qBfLEt5xs9YcIWLVazExW2Sy7FPe-T4Mo_urNXYoCzUEHKePmkVGogRCaBy8dHMAAdRh-LiTKeqnqOP7w05M_b3GBkgPpcreSeUdgi3VnqNuBXSLdogwtm0jk?session=0&fife,,"Av. Maj. Cícero de Góes Monteiro, 3773",,
-35.7510865,-9.6276069,Exemplar de residência neocolonial com platibanda Art Déco,"Edificação de relevante interesse arquitetônico, com características de tipologia simples com apenas uma porta e uma janela na fachada principal, com planta retangular em duas águas, platibanda recortada no centro um azulejo com uma imagem de santo mostrando o quanto o bairro preza pela religiosidade, uma varanda recuada da rua e também a
entrada principal da casa, as esquadrias em madeira.
","Rua Cônego Costa, nº 3777 ",Bebedouro,https://doc-08-5g-mymaps.googleusercontent.com/untrusted/hostedimage/tjp71pbl755n1d9knaupn39qao/800u97f4knqrk7ffe3tvq8hkvk/1695844800000/stHnn6HRzzeVHjoQr3mM68iQwjS3Ov7_/*/6AJ9UNGpdmlDUzIBnwlQ5VqnXyo3ygeBPJH-O9evFUEBugzvhJTE8L0YlQtub5jUoDNETombqVYUy8vionWmQKZZl7Ckmx78g54bWQfu5xwAM4tAdKLl3Qy8znkF6T0J7IsCp42ULgOaVBJFQsStkKgtgm39M6tumw7haPK-TwwT-76fQj_hsLZUmx4zfdvV_xl72QJw?session=0&fife,,"Rua Cônego Costa, nº 3777",,
-35.7494294,-9.6215572,CRAS Centro de Referência de Assistência Social Bebedouro ,"Edificação construída em 1944 para abrigar o antigo ""Grupo Escolar Rural Alberto Torres"", na Granja Conceição. Edificação térrea, composta por um bloco central e dois laterais. Apresentam varandas e aberturas em arco pleno, estas são sustentadas por colunas. Coberta em telha canal. Possui frontão triangular, mais tem contorno saliente que demarca o triângulo. Esquadrias em madeira, vidro e ferro.","Rua	Marques	de	Abrantes, S/N",Bebedouro,https://doc-00-5g-mymaps.googleusercontent.com/untrusted/hostedimage/tjp71pbl755n1d9knaupn39qao/gqkuutllcrnbb0rhf7eg5tjdqs/1695844800000/stHnn6HRzzeVHjoQr3mM68iQwjS3Ov7_/*/6AJ9UNGr2guznBnxsd9vUePOGtv_y6jNC9qeXFxmp3kd2UvSNscGSCiXUwJac3XaFRMosDav89OUCIPjHDLNEI5l1sP5NDfarlJsicTlERuxHsnzw9Ra9O6BY1l20ig23g3yM_csb5-dyerD_9ggvr4LsqHJVdTIIxsQZEu6KARdydPZcmSHn6Se2MygX0ptPuwvvdks?session=0&fife,,"Rua	Marques	de	Abrantes, S/N",,
-35.7525059,-9.6231298,Igreja Imaculada Conceição,"A Capela de Nossa Senhora da Conceição está localizada em Chã de Bebedouro e pertence à Matriz de Bebedouro, que é a Igreja de Santo Antônio de Pádua. Entretanto, a capela foi construída anteriormente, pela família portuguesa Prado, e inaugurada em 1872. Portanto, Nossa Senhora da Conceição foi a primeira padroeira do bairro de Bebedouro e quando foi construída uma igreja maior, que foi consagrada a Santo Antônio de Pádua, esta passou a ser a matriz do bairro.

Em sua importante obra sobre o bairro do Bebedouro, o professor João R. Lemos conta a capela de Nossa Senhora vivia fechada e apenas Antonio Barbeiro era quem tinha a chave. Isso porque no Colégio Bom Conselho, o Monsenhor Tobias por anos celebrava a missa apenas uma vez por mês e o pároco de Bebedouro, o Cônego Belarmino, não tinha condições de visitar a capela devido à idade avançada. Assim, a capela sobrevivia precariamente, com algumas alunas do Asilo Bom Conselho que se dispunham a ensinar catecismo. De qualquer forma, ao final do ano sempre se fazia a primeira comunhão das crianças da Chã de Bebedouro.v

A dedicação de outras pessoas sempre garantiu vida à capela, como o Monsenhor José Luiz, que instalou o primeiro sacrário, o senhor João Marinho, que após chegar de Juazeiro, engajou-se em diversas atividades que animaram a comunidade como romarias e rezas de terço e o Padre Fernando Iório Rodrigues, que por 31 anos celebrou a missa das seis da manhã.","R. das Palmeiras, 1-53 ",Chã de Bebedouro,https://doc-14-5g-mymaps.googleusercontent.com/untrusted/hostedimage/tjp71pbl755n1d9knaupn39qao/d7kk9ara0l2r1pvlb5sn5vgl70/1695844800000/stHnn6HRzzeVHjoQr3mM68iQwjS3Ov7_/*/6AJ9UNGppwVHjj--sZIPSz69IyDAJPYNRZpT38GnWoC1sJSKlRhNFTw2oEtYf9X7smcNWEP2VQykhjRGRMzpleD-1jO1FI6oKwNJrm144xjsV-PtSW_G8-M0CDcX7j2Kex1HA_67MtYKn8ZXk-uAALMX48pvcw8cfxVcxKhnn7wIZ4H-lI4k16RvtLEiiRcnOSvjDtLIu?session=0&fife,,"R. das Palmeiras, 1-53",,
-35.7453254,-9.6407257,Antiga Sede do IMA - Instituto do Meio Ambiente ,"O Instituto do Meio Ambiente (IMA) é o órgão de proteção ambiental mais antigo do Brasil, criado em 1975. Desde a sua fundação, ocupou o prédio atual, que pertencera à família de José de Hollanda Cavalcanti e Alice Rocha Cavalcanti.

O patriarca havia adquirido o imóvel ainda em obras para residência de sua família e, após sua morte, a casa foi ocupada por uma de suas filhas, Maria Alice de Hollanda Ferreira, que morou na edificação com seu marido e filhos. Em 1973, o imóvel foi desapropriado pelo Estado para sediar o IMA-AL.

Não se sabe a data exata de sua construção, mas a volumetria e a implantação de costas para a laguna indicam que seja da época de outros casarões edificados no final do século XIX ou início do XX em estilo neoclássico ou eclético. Como sua feição segue o estilo neocolonial, que foi muito adotado pela burguesia brasileira entre as décadas de 1920 a 1950, pode ser que tenha sofrido reforma em sua fachada originalmente neoclássica, tal qual tantos outros exemplares de Maceió.

Mesmo assim, mantém os elementos arquitetônicos e materiais da época de sua construção. Ainda hoje, o piso e a escadaria interna em madeira, a estrutura de paredes e as esquadrias originais fazem parte deste lindo exemplar histórico em estilo Neocolonial.

Entretanto, o este prédio histórico e bem conservado teve que ser desocupado, assim como outros que passaram a sofrer risco de desabamento pela instabilidade do solo após os estudos divulgados sobre os efeitos da extração do salgema pela Braskem na Laguna Mundaú.

O prédio do IMA é considerado como Unidade Especial de Preservação (UEP), segundo o Plano Diretor de Maceió (Lei nº 5.486/2005). É, portanto, protegido por Lei.","Av. Maj. Cícero de Góes Monteiro, 2184-2220 
","Mutange
",https://doc-14-5g-mymaps.googleusercontent.com/untrusted/hostedimage/tjp71pbl755n1d9knaupn39qao/ft8g2s8vtkb0tsh1dvo3a7rn84/1695844800000/stHnn6HRzzeVHjoQr3mM68iQwjS3Ov7_/*/6AJ9UNGqIvCIEdz6zU1BXqM9KtLKXzqhc9Yafazg_OEwwI0Sw9UQvh0WIXgy6R-J6xw4vqbwcar_VRVfVQaD19HEyoZPbMOLDj85dg-FkMcQK38jWkGv37ELIg-xgdeNGsBsvq0uKrtJSBQNRNcZGPx5zKuWqzsFQoq_0mo0rAycJP6NQyB9AbnAoM5OMRswt0Lflw42c?session=0&fife,,"Av. Maj. Cícero de Góes Monteiro, 2184-2220",,
-35.7460437,-9.6394976,Associação do Magistério (SINTEAL),"As antigas residências das famílias abastadas eram comumente nomeadas por “vila” ou “solar” e muitas delas eram localizadas no antigo sítio do Bebedouro, a exemplo deste imóvel que pertenceu inicialmente à Amália Mendonça Barboza e seu esposo Antônio Silva e, por isso, era conhecida como “Vila Amália”.

Acredita-se que a edificação seja do final do início do século XX, devido ao estilo eclético presente nos ornamentos. Nesta época, todos os focos de contaminações nas cidades deveriam ser eliminados por meio das primeiras leis urbanísticas e das normas para construção das edificações: o porão alto aparece na Vila Amália para se evitar a umidade vinda do solo.

A fachada, de costas para a laguna, nos comunica o quanto a vista maravilhosa não agregava valor ao imóvel na época, já que a laguna era entendida como lugar de transporte ou trabalho, frequentada apenas por pescadores, pessoas ligadas ao comércio de estiva ou usuários do transporte lagunar e não como uma bela paisagem a ser admirada da varanda.

Em 1966, o imóvel foi adquirido pelo Estado e doado à Associação dos Professores Primários de Alagoas (APPA). Como encontrava-se abandonado e, portanto, sem condição de uso, a edificação foi reformada com a ajuda de mão-de-obra de presidiários, a pedido da diretora.

Em 1988, visando agregar todos os profissionais da educação e assim fortalecer a categoria, foi criado o Sindicato dos Trabalhadores da Educação do Estado de Alagoas (SINTEAL), substituindo a antiga APPA. O SINTEAL permaneceu funcionando na histórica Vila Amália até abril de 2020, quando o imóvel teve que ser esvaziado em decorrência da tragédia da Braskem.

Por ser uma Unidade Especial de Preservação (UEP) presente no Plano Diretor de Maceió (Lei nº 5.486/2005), cabe ao Município garantir a integridade deste bem cultural.","Av. Major Cícero de Góes Monteiro,
 n. 2939
",Mutange,https://doc-04-5g-mymaps.googleusercontent.com/untrusted/hostedimage/tjp71pbl755n1d9knaupn39qao/5eq8ihfouo75rck2etr2g919f8/1695844800000/stHnn6HRzzeVHjoQr3mM68iQwjS3Ov7_/*/6AJ9UNGqeQUY6rb7x3VcpUjQBsvMKQw641sCvvHqn7Txvuhyb0WSV4IBCFEvfT-ez1Zow1w1hKEJB4Yo1Jg40bLYvSefMnBOEnknC07Ac5-AbLrWGUrEql0eNaqzLgj6PoN6BYG4lNeUGNGYNambp3oPgcZGcB27X8SjjPgYovjR8U3JDtRzTjPJa3W-Q9-ZgbhpKU4w?session=0&fife,o porão alto aparece na Vila Amália para se evitar a umidade vinda do solo.,"Av. Major Cícero de Góes Monteiro,",,
-35.742974,-9.6480744,Igreja Nossa Senhora do Bom Parto ,"A paróquia de Nossa Senhora do Bom Parto foi fundada em 1949 para dar assistência religiosa e catequética aos funcionários da vila operária da fábrica Alexandria, uma das maiores do Estado e responsável também pelo desenvolvimento da região.

No entanto, acredita-se que em 1845 já existia no local uma construção simples dedicada à Nossa Senhora do Bom Parto, cuja veneração originou-se na França, a partir das mulheres gestantes que pediam à Nossa Senhora por uma gestação e parto tranquilos e um bebê saudável.

Em 1964, a edificação foi entregue aos cuidados dos franciscanos, assumindo também a função de convento até 2002, quando retornou à jurisdição do clero arquidiocesano. O espaço antes utilizado como moradia dos freis serve hoje de oficina e curso para jovens e adultos do bairro e proximidades.

Principal referência na ocupação do bairro, motivo pelo qual recebeu o nome de “Bom Parto”, a edificação foi construída em plano elevado em relação à rua, na junção do trecho plano com a ladeira. Esse tipo de implantação garante imponência ao edifício e marca o território religioso no Brasil desde que era colônia de Portugal.

O estilo arquitetônico da igreja é o Neocolonial, e pode ser notado a partir do revestimento em pedra da escadaria principal, assim como ornamentos de fachada que remetem ao barroco brasileiro.

Após intervenções sofridas ao longo do tempo, a capela encontra-se hoje ladeada por construções que servem como centros pastorais.

A Igreja de Nossa Senhora do Bom Parto é uma Unidade Especial de Preservação (UEP), segundo o Plano Diretor de Maceió (Lei nº 5.486/2005).","Rua General Hermes,
 s/n
",Bom Parto,https://doc-04-5g-mymaps.googleusercontent.com/untrusted/hostedimage/tjp71pbl755n1d9knaupn39qao/kkp43ql7sg2tr5ettlnfgue6jg/1695844800000/stHnn6HRzzeVHjoQr3mM68iQwjS3Ov7_/*/6AJ9UNGqFgKJ6z7-S-Qup2W5ADwPZqqdJe8XQ73XvoAWSrfi2si6GkbwdIuubcjMV0vyrC3qEQRj5uyRx93ELXqwYKSvdHOsZtpnJP9s-Gh3dP3YPmU_0Hv2liaafJVuKhpJI_2uQPr8ytT-0iUlKd6YGQkjLlhklz39muzHEvL7wwCb8sqXSSH1uG6mNGdDUsT9GNXS7?session=0&fife,,"Rua General Hermes,",,
-35.7424225,-9.6504905,Vila Operária da Antiga Fábrica Alexandria (UEP 53),"Os complexos fabris antigos costumavam incluir moradias para os funcionários, visando o controle e a vigilância de todas as atividades dos operários, até mesmo as de lazer.

A maioria das fábricas têxteis de Alagoas foram dotadas de infraestrutura de transporte, segurança, estabelecim. comerciais, equipamentos religiosos, de lazer e educação, bem como casas de padrões diferenciados, a depender do cargo ocupado pelos funcionários.

Este foi o caso da Fábrica de Tecidos Alexandria, instalada no bairro do Bom Parto em 1914, contando com uma estrutura de mais de mil casas operárias e até um pequeno porto de embarque e desembarque na lagoa.

As primeiras construções localizavam-se próximas à estrada de ferro que atravessava o bairro e as ruas com casas se prolongavam um pouco para a encosta do tabuleiro e margens da Laguna Mundaú.

As residências mais amplas situavam-se na rua principal enquanto o conjunto arquitetônico destinado aos operários era construído em pequenos lotes, formado por casas geminadas de portas e janelas.

Em 1966, a fábrica foi vendida para o Cotonifício Torres, de Recife, e pouco depois encerrou suas atividades. Logo, as edificações começaram a sofrer com descaracterizações e degradação.

Com o crescimento desordenado das áreas vizinhas, a estrutura da antiga fábrica foi sendo gradativamente destruída, cedendo espaço para depósitos, pontos comerciais e de serviços.

Entretanto, ainda resiste na memória dos antigos moradores a dinâmica e as tradicionais festas populares realizadas nos tempos de apogeu da Alexandria, bem como alguns exemplares da vila operária, que também tem valor patrimonial por serem “testemunhos” vivos da história da configuração do bairro.

Por isso, essa vila operária é uma Unidade Especial de Preservação (UEP) incluída no Diretor de Maceió (Lei nº 5.486/2005).","Av. Dr. Francisco de Menezes, Rua Dr. Jonas Montenegro",Bom parto,https://doc-04-5g-mymaps.googleusercontent.com/untrusted/hostedimage/tjp71pbl755n1d9knaupn39qao/vvoennrrcoidr4d0h5lm1dp4c0/1695844800000/stHnn6HRzzeVHjoQr3mM68iQwjS3Ov7_/*/6AJ9UNGpsfQ3F-eKOG4rhbWfy4UBkrVn-46cLX2yO6eof1vqGyX10_V0o6ZYyXPrvvDgzlQsBAG37k9Xrth3H-aPxfnrGjg8N36yoI36PdCR-GL6rrXqiuuAcmKnnUwrZHKMBmnOiQud4LLjQF15N0LN_fIMUAm7m2Sl1XLcXtB97SgQ5QzBwQYoRzpE1GewacmG2Dyg?session=0&fife,,"Av. Dr. Francisco de Menezes, Rua Dr. Jonas Montenegro",,
-35.7413811,-9.6294755,Casa do Engenheiro Marcial Coelho,,880 R. Prof. José da Silveira Camerino,Pinheiro,https://doc-0k-5g-mymaps.googleusercontent.com/untrusted/hostedimage/tjp71pbl755n1d9knaupn39qao/acqck3l5uahbuf4767g0r1hisk/1695844800000/stHnn6HRzzeVHjoQr3mM68iQwjS3Ov7_/*/6AJ9UNGrL61CCr6q6PfNvXquXnn3Dt-LIEva2GOHCrMr-8X4EYrM9NVQyM7agA36ox4XvpgV-Y985n78ghdITL7dpG9d9vlVEEMJ2CGs88u71rjL-F7YndPnp8rUaB393fjQ8RfmyhOZuT3j7sfjBQzABRRftzoryNHFOIE6nQBzTKW6MJNlS-F_KcFmZbKmZq-LLrbQL?session=0&fife,,880 R. Prof. José da Silveira Camerino,,
-35.7448251,-9.635993,Igreja Matriz do Menino Jesus de PragaR. Prof. Mario ,,"R. Prof. Mario Marroquim, 520",Pinheiro,https://doc-0s-5g-mymaps.googleusercontent.com/untrusted/hostedimage/tjp71pbl755n1d9knaupn39qao/ra05ho3kgrtvsks8nqo0n3f3r8/1695844800000/stHnn6HRzzeVHjoQr3mM68iQwjS3Ov7_/*/6AJ9UNGrfZT5j1xrovcrXuERSx-pb_apfRJJ-LezVckMixdqsLDI1rwFbeDelti5NjI_ntXfL_1owyXcZOa69hZz0zOHl5z8_O6_EZe6_GJd4DH8RGR2p0LAMF-McjEWGmit1tE13_s7_Of87N_4YYyEveoJ77zBD5-hWKfM_bqlUHnXviz7UYMev4w4O7Ipivy0tb58?session=0&fife,,"R. Prof. Mario Marroquim, 520",,
-35.7409783,-9.6392198,Igreja Batista do Pinheiro ,"“A história da Igreja Batista do Pinheiro tem seu início na década de 30. Mais precisamente, no ano de 1936, a Igreja Batista do Farol (IBF) já estava com um número de fiéis oriundos do bairro do Pinheiro em número relativamente considerável. Os membros dessa igreja que moravam por aqui tinham certa dificuldade em se locomover até a IBF, pois não havia ônibus que os conduzisse até lá, restando tão somente, o bonde que na época, mesmo sendo utilizado, ainda os obrigava a dar uma boa caminhada até a referida igreja. Até que auxiliados por um casal de missionários, Jonh Mein e Elisabeth Mein, foi constituída uma pequena congregação na casa de uma irmã que morava em nosso bairro, chamada Irª. Isabel. Estes missionários prestavam relevantes serviços no auxílio daquela comunidade. Mais tarde, outro casal de missionários, Jonh Byce e esposa, davam a sua contribuição nas reuniões da congregação.

Em 1941, foi comprada uma pequena casa na Rua Miguel Palmeira, nº 504, onde aí foi construído um templo. (...)

Em data de 21 de março de 1970, foi oficializada em sessão extraordinária, a transformação da Congregação Batista do Farol, em Igreja Batista do Pinheiro. Conseguia-se, assim, a independência necessária, para o crescimento e consolidação dessa instituição. 

(...) Em dezembro de 1973, estando a igreja com 138 membros, assume o Ministério, o Pr. JONAS BISPO PEREIRA, como primeiro pastor oficial e titular da Igreja Batista do Pinheiro. 

(...) enfim, a construção foi concluída no ano de 1976, tendo sido dedicado ao Senhor em noite festiva do dia 02 de outubro de 1976”. 

(retirado de partes do site da Igreja Batista do Pinheiro)

Em dezembro de 1993, assumiu o Pr. Wellington Santos, que está a frente da luta desta comunidade pelo tombamento, dado o valor simbólico e afetivo que constitui para o bairro e para a cidade. 

Em 06 de outubro de 2021, a Igreja Batista do Pinheiro recebeu da Assembleia Legislativa de Alagoas (ALE) o reconhecimento de Patrimônio Material e Imaterial do Estado. O título foi publicado no Diário Oficial Eletrônico. 
","R. Miguel Palmeira, 1300 ",Pinheiro,https://doc-0g-5g-mymaps.googleusercontent.com/untrusted/hostedimage/tjp71pbl755n1d9knaupn39qao/2vkg6047eui0u21hbkii5r5338/1695844800000/stHnn6HRzzeVHjoQr3mM68iQwjS3Ov7_/*/6AJ9UNGrVOoHGEpJagXSxyN2Fm0LeLj8KgKFec5rBn1mK7Xvoixb_FhGchIPX0IscIxgpRH8Fgu1ff4e2amKuY-MhJCU6FUBsRS7cQjbPvM2vPQ_aSM9rHTZml82kXisggEI9AQ1dLIelPFbOKyJM0o2EOmDkZsO_VRTHFjSfqBMehRFjRXwU3-E0Iy9QAQWPUkg0sUr0?session=0&fife,,"R. Miguel Palmeira, 1300",,
-35.7359782,-9.6387613,Complexo CEPA,"Um dos maiores complexos educacionais do país, o Centro Educacional de Pesquisa Aplicada (CEPA) representou uma tentativa de integração da capital de Alagoas a um plano nacional de desenvolvimento, onde a educação assumia importante posição, em meio à realidade de extrema desigualdade resultante de uma sociedade ainda fortemente ligada às oligarquias.

Construído a partir de recursos federais do Instituto Nacional de Estudos Pedagógicos (INEP), presidido na época por Anísio Teixeira, conceituado pesquisador da área educacional no Brasil, o projeto foi elaborado pelo renomado engenheiro baiano Diógenes Rebouças em parceria com Fernando Machado Leal, sendo o primeiro o autor de grande parte dos projetos idealizados pelo educador.

O CEPA foi inaugurado em 1958 com apenas quatro escolas concluídas, sendo que o restante das onze escolas que o constituem foram finalizadas até 1971, juntamente com a biblioteca, o teatro, o centro de formação para professores e os alojamentos. Novos usos foram agregados com o tempo, como escola de artes, ginásio esportivo, uma instituição voltada ao ensino de jovens e adultos, e ainda os edifícios do Conselho Estadual de Educação e da Rádio Educativa.

Em 2019, os alunos da Escola Estadual N. Sra. do Bom Conselho, que foi interditada após apresentar problemas estruturais, foram alocados para uma das escolas do complexo do CEPA, que também era um dos pontos de encontro da população em caso de evacuação do bairro do Pinheiro.

Entretanto, em fevereiro de 2019, duas escolas que ficam no fundo do CEPA haviam começado a apresentar rachaduras.

Embora não esteja na área de evacuação, o CEPA está sendo monitorado pela Defesa Civil como muitos outros imóveis no Farol e Pitanguinha.",Av. Fernandes Lima ,Farol,https://doc-0c-5g-mymaps.googleusercontent.com/untrusted/hostedimage/tjp71pbl755n1d9knaupn39qao/fbm5dmecq4f3mar3bfau71eu6g/1695844800000/stHnn6HRzzeVHjoQr3mM68iQwjS3Ov7_/*/6AJ9UNGplP2e8NdcMWfrS_3VukZ56uzsNCjxzQujiYSL87n5fkq3PlUvvPSRlOebondZqkY0-HS5rzpuKdqwBapcsz8NeAvEOtrVNfIvaZa49Xf728tS4f11b5UHDg0nWAAKQr0rDro7-9zVe8aTdjmT1hE2CAhDASEjmFpg2QYFw33kBmOxw3xV2kgbGC0kmZ4S81rJj?session=0&fife,,Av. Fernandes Lima,,
-35.7843798,-9.5898646,Igreja São José Operário,"Segundo Lima Júnior (2002), a primeira pedra da igreja de São José Operário foi lançada em 1886, conforme o documento arquivado no Instituto Histórico de Alagoas, transcrito em seu livro “Igrejas e Capelas de Maceió”.
A invocação ao protetor dos trabalhadores, o carpinteiro São José, pai de Jesus Cristo, deve-se à localização da pequena capela no bairro de Fernão Velho, que surgiu como vila operária da extinta indústria Carmen.
Fundada em 1857 pelo Barão de Jaraguá como Companhia União Mercantil, foi a primeira indústria têxtil do Nordeste. Na década de 1890 a administração passou para a família Machado e no final da década de 1930 passou para a família Leão. Ambas investiram muito em lazer para que seus funcionários permanecessem no local, que também dispunha de estação ferroviária, cineteatro, ambulatório, creche e diversificado comércio.
Na década de 1950 a fábrica foi vendida para Othon Bezerra de Mello, que a renomeou como “Othon Bezerra de Mello, Fiação e Tecelagem S/A – Fábrica Carmem”, nome que permanece na fachada remodelada em 1952. Nesta última fase administrativa, Othon de Mello chegou a construir o Recreio Operário para festividades e, após funcionar por mais de 140 anos, no final da década de 1990 a Fábrica Carmen foi desativada e o bairro aos poucos foi esvaziado, bem diferente de seu auge na década de 1970, quando a indústria chegou a empregar mais de cinco mil funcionários.

Referências bibliográficas
LIMA JÚNIOR, Félix. Igrejas e Capelas de Maceió – Maceió: Academia Alagoana de Letras, 2002.
SILVA, Jordânnya Dannyelly do Nascimento Silva. Estratégias de desenvolvimento para o bairro de Fernão Velho: uma mudança de paradigma. Monografia (Graduação em Arquitetura e Urbanismo) – Maceió: Universidade Federal de Alagoas, Maceió, 2008.
","R. Comendador Pimentel, 182 ",Fernão Velho,https://doc-0k-5g-mymaps.googleusercontent.com/untrusted/hostedimage/tjp71pbl755n1d9knaupn39qao/sav875kg70jfvp0s2aba1ug8k4/1695844800000/stHnn6HRzzeVHjoQr3mM68iQwjS3Ov7_/*/6AJ9UNGq48reCF_UL5BPCjMIjyTRnTUs2M4eoMfI1WSu8WmqTOkUyFX0UB416J5qpeYosXgwdNKDSJq64MrDR1NfmdHiUUHDJVKEpN_0al6ceoMxbApr9w50xO8-0iWCs3Omho0SVuoIJDVIVxxIVES7Agc2-sUBoA6kXDzn0Ra1jMxSxVLezLlScaCXMzmaDHgheuOvT?session=0&fife,,"R. Comendador Pimentel, 182","uma mudança de paradigma. Monografia (Graduação em Arquitetura e Urbanismo) – Maceió: Universidade Federal de Alagoas, Maceió, 2008.",
-35.7852914,-9.5892554,Antiga Fábrica Carmen em Fernão Velho,"Segundo o jornalista Edberto Ticianeli, 
“A ocupação do local onde hoje está situado o bairro Fernão Velho, em Maceió, ocorreu provavelmente no início do século XIX quando pescadores e coletores de mariscos construíram residências à beira da Lagoa Mundaú e próximo a várias nascentes de água.
Há também registros de que no local funcionou um engenho numa propriedade remanescente da sesmaria doada por Dom Pedro II a Fernão Dias Velho, motivo da denominação do então Distrito como Fernão Velho.
Craveiro Costa, no Indicador Geral do Estado de Alagoas de 1902, cita a origem do nome no Riacho Fernão Velho.
Suas terras foram adquiridas, em 1850, pelo português José Antônio de Mendonça , que a partir de 1857 iniciou ali a instalação da nascente indústria têxtil de Alagoas.

(...) o jornal O Diário do Rio de Janeiro divulgou em de 11 de maio de 1860 a visita do recém-empossado presidente da Província de Alagoas à União Mercantil em Fernão Velho, indicando que aquela unidade fabril já podia estar em funcionamento naquele período.

(...) Com o crescimento do número de funcionários, foi construída mais uma vila operária, que recebeu o nome de ABC devido a identificação dos imóveis por letras do alfabeto. Tempos depois, uma nova vila foi erguida para receber os aposentados, a Vila Goiabeira.
A União Mercantil, em 1938, viveu a crise da indústria têxtil nacional, além das divergências familiares entre os seus proprietários. Com essa situação, a fábrica passou para as mãos da família Leão, de Utinga, Rio Largo.
Logo depois, em 1946, foi vendida para o Grupo Othon Bezerra de Melo, de Pernambuco. A partir de então passou a ser denominada de Fiação e Tecelagem S/A, Fábrica Carmen.
(...) Na década de 1970, a Fábrica Carmen empregava cinco mil trabalhadores, levando o distrito a viver seus dias de glórias e festas. Veio a crise dos anos 80 e a indústria não suportou a concorrência, acumulou prejuízos e em 1996 parou de funcionar.
Graças a incentivos do Governo Estadual, a fábrica reabriu em 1997, mas com reduzida capacidade produtiva. Em 2010 fechou as portas definitivamente. 
Com o fechamento da fábrica e o consequente desemprego de centenas de operários, Fernão Velho, que passou a ser um bairro da capital em 2000”. 
O Plano Diretor de 2005 definiu Fernão Velho como uma ZEP, ou Zona Especial de Preservação, dada sua importância para a história do desenvolvimento de nossa capital. 
","R. Dr. Manoel Machado, 194 ",Fernão Velho,https://doc-0s-5g-mymaps.googleusercontent.com/untrusted/hostedimage/tjp71pbl755n1d9knaupn39qao/ng1frnqkg92p1acf2nj1c05nrc/1695844800000/stHnn6HRzzeVHjoQr3mM68iQwjS3Ov7_/*/6AJ9UNGqRc4p_D3W4u9Eibnyi9vBhTxzM7eq8jPQ922zK1E4XZq3Eeekf_wWUDWoiYBZxgExOI5ji5syQPGAVXbAj4Fa__0qCWtf-LHs2vtS3WDNDNdRXIaee9UeEA-cGK9n2cTjmuoqY9qbkrmjDQfijm5ETKuLeSmp5HtEgn4-2b_oyo5EVCPCSOTHugIzZ2X8dzm80?session=0&fife,,"R. Dr. Manoel Machado, 194",,
-35.7857297,-9.5899703,"Antiga Casa do Industrial e Empório

","Esta casa é atribuída aos donos da Fábrica Cármen, que moravam no pavimento superior e mantinham um empório no térreo. ",Praça São José,,https://doc-0c-5g-mymaps.googleusercontent.com/untrusted/hostedimage/tjp71pbl755n1d9knaupn39qao/25mjd5saqod04r3fcd5luilaps/1695844800000/stHnn6HRzzeVHjoQr3mM68iQwjS3Ov7_/*/6AJ9UNGpe93nvL4ADNEF70Oxa3kVPxRlCggVWuL_KUYLCgRkBEY3wT_7cpC_EkDypecy5MIuB9LPIDjJyRlLmX_fPO7JrQG9q6G7B4wiz1qkqrFsEzV1DFQhyjeJXJIwFgu1p6XV1Bhv58rmGEUvpUC4qTLCw9WFuak_exOmKPasMZWZANqIyEtjBMuVAdToPw8GHzSsv?session=0&fife,,Praça São José,,
-35.7846258,-9.5909394,Casario da Vila Operária da Antiga Fábrica Carmen em Fernão Velho,,"Rua Antonio Joaquim de Oliveira
",Fernão velho,https://doc-04-5g-mymaps.googleusercontent.com/untrusted/hostedimage/tjp71pbl755n1d9knaupn39qao/v9qv2b0934bp81a17afq0n9r2o/1695844800000/stHnn6HRzzeVHjoQr3mM68iQwjS3Ov7_/*/6AJ9UNGrfaZEfvYKOV-BG4zzKhjqcTow5632A2Knx3wRu9egVq_-GQn7lMgrvNahISETJiKBO64IT2CLWG36O2lzt7iEBm6ax7zRkbNUEeq1SSZfZMJKollynvumIgAsXTUH2PRFBWvdrq3BMa9Y-hpFGxRO9M_g3hytUPkVCOY87JDWrn6_L9HetyCuICd-672mejK1P?session=0&fife,,Rua Antonio Joaquim de Oliveira,,
-35.7851308,-9.5910484,"Casario da Vila Operária da Antiga Fábrica Carmen

",,Rua Comendador Vasconscelos,Fernão Velho ,https://doc-14-5g-mymaps.googleusercontent.com/untrusted/hostedimage/tjp71pbl755n1d9knaupn39qao/gf16f4g7gstuiotqpfm9vn35fc/1695844800000/stHnn6HRzzeVHjoQr3mM68iQwjS3Ov7_/*/6AJ9UNGqx64DIAWBzb4udHaAzzjvZ8SQBa5EyAogaEw2IYZBBs2iiPihWTxsbVa9eQSeYV111whlnIlOArwhxHHHmQEkk7F_oI-nrHwIWJiCxK8gf-u0GEaRLVOGCEuj3R9qBT3wKZkP0XZplwvKI3l-4n8vlhh6_12gmUTt7yrD9hYuMAQhXiTOrNCt-GRnaSuOUYRMh?session=0&fife,,Rua Comendador Vasconscelos,,
